{"medians": {"NEMO_IKK": 455.264552645526, "k301": 428.10928109281053, "k302": 375.543755437554, "k303": 427.52427524275197, "k304": 443.0894308943085, "k305": 0.2550025500255, "k306": 512.3701237012369, "k307": 642.736427364274, "k308": 340.78840788407854}}