{"posteriors": {"NEMO_IKK": [279.112791127911, 387.563875638756, 770.017700177002, 69.580695806958, 122.041220412204, 964.339643396434, 859.208592085921, 721.437214372144, 911.479114791148, 709.457094570946, 973.739737397374, 144.951449514495, 128.051280512805, 303.70303703037, 971.769717697177, 856.078560785608, 309.683096830968, 424.134241342413, 389.413894138941, 159.451594515945, 995.079950799508, 58.170581705817, 567.085670856709, 104.691046910469, 361.333613336133, 132.50132501325, 290.532905329053, 727.237272372724, 285.772857728577, 557.045570455705, 398.533985339853, 883.578835788358, 827.758277582776, 168.951689516895, 686.786867868679, 482.094820948209, 715.89715897159, 428.434284342843, 751.69751697517, 912.379123791238, 987.069870698707, 741.257412574126, 166.931669316693, 512.355123551235, 565.475654756548, 65.0006500065, 86.80086800868, 933.879338793388, 357.813578135781, 98.920989209892], "k301": [312.963129631296, 95.30095300953, 623.366233662337, 628.466284662847, 88.840888408884, 940.89940899409, 382.583825838258, 890.308903089031, 983.39983399834, 854.358543585436, 87.090870908709, 906.659066590666, 609.866098660987, 206.552065520655, 10.330103301033, 650.456504565046, 18.670186701867, 76.460764607646, 500.30500305003, 449.784497844978, 422.774227742277, 536.065360653607, 891.558915589156, 433.584335843358, 888.128881288813, 597.905979059791, 897.978979789798, 433.444334443344, 801.488014880149, 321.753217532175, 472.544725447254, 122.821228212282, 938.659386593866, 27.960279602796, 663.076630766308, 393.283932839328, 558.975589755898, 29.360293602936, 237.152371523715, 749.027490274903, 415.634156341563, 353.543535435354, 753.467534675347, 327.583275832758, 364.543645436454, 74.610746107461, 315.843158431584, 12.010120101201, 310.953109531095, 43.050430504305], "k302": [952.439524395244, 239.892398923989, 554.245542455425, 199.391993919939, 67.910679106791, 15.350153501535, 838.988389883899, 643.066430664307, 465.544655446554, 90.090900909009, 197.261972619726, 210.592105921059, 163.141631416314, 251.972519725197, 748.387483874839, 170.90170901709, 972.489724897249, 889.608896088961, 338.673386733867, 684.126841268413, 24.490244902449, 663.056630566306, 717.507175071751, 289.142891428914, 82.540825408254, 93.970939709397, 46.990469904699, 218.362183621836, 125.90125901259, 38.570385703857, 221.732217322173, 835.188351883519, 151.381513815138, 741.727417274173, 146.0014600146, 412.414124141241, 132.851328513285, 801.718017180172, 549.005490054901, 584.105841058411, 623.276232762328, 985.79985799858, 0.740007400074, 822.908229082291, 549.075490754908, 914.269142691427, 469.894698946989, 794.437944379444, 795.217952179522, 86.850868508685], "k303": [813.968139681397, 60.740607406074, 256.062560625606, 976.339763397634, 443.244432444324, 108.691086910869, 410.744107441074, 222.432224322243, 951.059510595106, 669.746697466975, 949.149491494915, 301.543015430154, 54.270542705427, 735.927359273593, 561.9956199562, 697.676976769768, 948.69948699487, 14.40014400144, 329.783297832978, 845.49845498455, 138.051380513805, 715.567155671557, 35.520355203552, 146.771467714677, 929.359293592936, 218.952189521895, 360.40360403604, 400.934009340093, 275.622756227562, 544.405444054441, 121.951219512195, 24.660246602466, 932.69932699327, 594.115941159412, 411.80411804118, 227.952279522795, 115.041150411504, 447.524475244752, 223.092230922309, 913.409134091341, 122.791227912279, 494.674946749467, 381.153811538115, 601.116011160112, 972.539725397254, 770.687706877069, 808.168081680817, 239.032390323903, 904.079040790408, 492.644926449265], "k304": [623.516235162352, 147.451474514745, 775.317753177532, 788.267882678827, 782.107821078211, 274.412744127441, 850.308503085031, 922.719227192272, 394.373943739437, 964.759647596476, 746.207462074621, 888.118881188812, 246.252462524625, 545.085450854509, 594.515945159452, 445.884458844588, 433.364333643336, 299.112991129911, 718.317183171832, 188.611886118861, 407.114071140711, 548.615486154862, 131.0013100131, 715.877158771588, 450.884508845088, 884.388843888439, 281.092810928109, 194.541945419454, 760.327603276033, 238.712387123871, 984.079840798408, 440.294402944029, 825.388253882539, 140.611406114061, 391.823918239182, 769.937699376994, 340.343403434034, 185.081850818508, 385.343853438534, 140.221402214022, 11.840118401184, 101.841018410184, 535.575355753558, 597.875978759788, 381.533815338153, 201.492014920149, 270.782707827078, 996.269962699627, 888.688886888869, 331.193311933119], "k305": [0.0, 0.010000100001, 0.030000300003, 0.020000200002, 0.050000500005, 0.040000400004, 0.070000700007, 0.110001100011, 0.10000100001, 0.180001800018, 0.20000200002, 0.130001300013, 0.160001600016, 0.150001500015, 0.140001400014, 0.080000800008, 0.170001700017, 0.260002600026, 0.240002400024, 0.230002300023, 0.060000600006, 0.290002900029, 0.250002500025, 0.210002100021, 0.280002800028, 0.380003800038, 0.450004500045, 0.190001900019, 0.30000300003, 0.360003600036, 0.320003200032, 0.480004800048, 0.090000900009, 0.370003700037, 0.710007100071, 0.460004600046, 0.330003300033, 0.550005500055, 0.950009500095, 0.470004700047, 0.440004400044, 0.980009800098, 0.410004100041, 0.770007700077, 0.220002200022, 0.50000500005, 1.30001300013, 0.810008100081, 0.650006500065, 0.790007900079], "k306": [653.826538265383, 403.224032240322, 387.063870638706, 964.079640796408, 857.438574385744, 107.471074710747, 56.670566705667, 831.778317783178, 12.830128301283, 278.722787227872, 315.493154931549, 530.715307153072, 763.577635776358, 919.239192391924, 290.222902229022, 485.984859848598, 334.133341333413, 811.138111381114, 84.140841408414, 136.121361213612, 553.875538755388, 255.992559925599, 848.268482684827, 794.847948479485, 339.763397633976, 565.135651356514, 96.620966209662, 105.281052810528, 973.189731897319, 351.043510435104, 494.024940249402, 270.282702827028, 332.563325633256, 696.426964269643, 956.479564795648, 698.176981769818, 480.794807948079, 563.585635856359, 153.631536315363, 538.775387753878, 537.045370453704, 728.477284772848, 151.021510215102, 202.232022320223, 902.739027390274, 736.567365673657, 835.008350083501, 532.835328353284, 153.561535615356, 570.305703057031], "k307": [6.60006600066, 997.369973699737, 996.289962899629, 389.613896138961, 653.636536365364, 503.355033550336, 486.094860948609, 586.065860658607, 547.59547595476, 844.788447884479, 975.839758397584, 612.456124561246, 644.49644496445, 669.066690666907, 611.356113561136, 282.962829628296, 474.0047400474, 921.19921199212, 772.267722677227, 607.266072660727, 174.631746317463, 721.307213072131, 536.9953699537, 496.854968549685, 721.007210072101, 976.039760397604, 843.538435384354, 470.144701447014, 601.166011660117, 624.89624896249, 500.235002350023, 739.79739797398, 185.591855918559, 723.257232572326, 928.379283792838, 700.947009470095, 481.814818148181, 818.058180581806, 985.369853698537, 524.145241452414, 583.655836558366, 934.369343693437, 452.624526245262, 640.976409764098, 276.842768427684, 899.648996489965, 980.659806598066, 925.709257092571, 686.856868568686, 870.138701387014],