{
    "k301_1": 0.1451284491548226,
    "k301_2": 0.3770496298625957,
    "k302": 0.7838847766507229,
    "k303": 958.3769230997566
}