{
    "NEMO_IKK": 198.47570839134232,
    "k301": 0.32404957628018627,
    "k302": 0.019739015181886532,
    "k303": 0.46660470215803007,
    "k304": 0.0816249365509345,
    "k308": 494.6555450363965,
    "k309": 0.7752675483597855,
    "k310": 127.57508392520742,
    "Mg_NEMO": 2374.755870738776,
    "Mg_copy": 6811.498923137102,
    "Quao_2021": 2.322486634537995
}