{
    "k301_1": 0.0248523201592733,
    "k301_2": 0.5328659481489353,
    "Mg_copy": 503.93209556707825,
    "k311": 0.14733554909966995,
    "n300": 4.905466212317434,
    "TRPM": 2186.0179806037327
}