{
    "NEMO_IKK": 608.2026173647055,
    "k301": 0.3412129382715009,
    "k302": 0.36894667077524806,
    "k303": 0.8179721206731353,
    "k304": 0.705173027418288,
    "k308": 151.92552440263898,
    "k309": 0.18375011176461953,
    "k310": 418.89268699984075,
    "Mg_NEMO": 7876.255219398146,
    "Mg_copy": 3918.3822577143906,
    "Quao_2021": 2.137059528004727
}