{
    "time": [
        0.0,
        30.0,
        60.0,
        90.0,
        120.0,
        150.0,
        180.0,
        210.0,
        240.0,
        270.0,
        300.0,
        330.0,
        360.0,
        390.0,
        420.0,
        450.0,
        480.0,
        510.0,
        540.0,
        570.0,
        600.0,
        630.0,
        660.0,
        690.0,
        720.0,
        750.0,
        780.0,
        810.0,
        840.0,
        870.0,
        900.0,
        930.0,
        960.0,
        990.0,
        1020.0,
        1050.0,
        1080.0,
        1110.0,
        1140.0,
        1170.0,
        1200.0,
        1230.0,
        1260.0,
        1290.0,
        1320.0,
        1350.0,
        1380.0,
        1410.0,
        1440.0,
        1470.0,
        1500.0
    ],
    "NFKB": [
        277.0,
        249.90958441367493,
        266.5003835578527,
        266.45542879174997,
        267.6826303892268,
        268.735920030104,
        269.6627118915725,
        270.46047670522233,
        271.1443122672061,
        271.7348192786766,
        272.24941993760973,
        272.7022037444161,
        273.103780397383,
        273.46147389321425,
        273.78092318525756,
        274.06606382246144,
        274.3198143128775,
        274.5446093283043,
        274.7424975616105,
        274.9152600477601,
        275.0646010234912,
        275.1921647464871,
        275.2995135882905,
        275.38817924602046,
        275.45966546493173,
        275.5154658171808,
        275.5569997935277,
        275.5856472637901,
        275.60272079384197,
        275.60949339590496,
        275.60716513778266,
        275.59687253647854,
        275.579685500805,
        275.5566033095747,
        275.52860066845085,
        275.4965580795377,
        275.4613261178521,
        275.42368831498055,
        275.3843878069836,
        275.3441311373777,
        275.3035690680642,
        275.2633022937825,
        275.2238989424955,
        275.18590322465883,
        275.1498163945924,
        275.11610409267774,
        275.0852017389176,
        275.05750893615425,
        275.03337533218655,
        275.0131312556867,
        274.99710456723074
    ],
    "pIKK": [
        87.0,
        79.39990906107052,
        78.95624785484014,
        79.28436810469773,
        79.71563133615513,
        80.15253678124647,
        80.5552464753093,
        80.9102490830154,
        81.21792767488922,
        81.48407399555244,
        81.71547503700906,
        81.91824065151724,
        82.09720636851209,
        82.25598814565214,
        82.39725169662138,
        82.52295277157486,
        82.63453227457543,
        82.73311225202876,
        82.81963395142027,
        82.89492306462911,
        82.9597375414411,
        83.01479623921206,
        83.06079546192876,
        83.09841761515446,
        83.12832608101442,
        83.151177144366,
        83.16760842047493,
        83.17823886985767,
        83.1836603508032,
        83.18443749600463,
        83.18110671012471,
        83.17417611836278,
        83.1641283671267,
        83.1514123178004,
        83.136459222819,
        83.11965884452215,
        83.10139010224898,
        83.08199651886085,
        83.06180381682744,
        83.0411219655753,
        83.02023417314565,
        82.99940500321743,
        82.97888307929489,
        82.95889947844738,
        82.93966991419374,
        82.92139493506042,
        82.90426146458881,
        82.88844062101164,
        82.87408443270341,
        82.86133592396797,
        82.8503318601807
    ],
    "TAK1": [
        14869.0,
        14875.204699145605,
        14875.43133963392,
        14875.113720667685,
        14874.72017740818,
        14874.326278835444,
        14873.962780454098,
        14873.639841608576,
        14873.356886015452,
        14873.109236318287,
        14872.89151238085,
        14872.698895270205,
        14872.527565480357,
        14872.37465146061,
        14872.238010883055,
        14872.116044715218,
        14872.00754552795,
        14871.911545875695,
        14871.827216594973,
        14871.753810995433,
        14871.690635101948,
        14871.63702426045,
        14871.59233137119,
        14871.55592166133,
        14871.52717626193,
        14871.50548396669,
        14871.490251242089,
        14871.480901880726,
        14871.476883948297,
        14871.477670780363,
        14871.48276126931,
        14871.491680127685,
        14871.503975592725,
        14871.519226485192,
        14871.537029045812,
        14871.5570165646,
        14871.578834015256,
        14871.60215868291,
        14871.626684562032,
        14871.652120565712,
        14871.678201399494,
        14871.704681848727,
        14871.731331369114,
        14871.757930860822,
        14871.784278936888,
        14871.810191508423,
        14871.835498447523,
        14871.86004154279,
        14871.883676233881,
        14871.906270114998,
        14871.927700484011
    ]
}