{
    "k_m_i": 0.010475379402036064,
    "k_m_e": 0.01049814602289852,
    "k_matp_b": 0.13017858595266732,
    "k_matp_ub": 0.12730797465295962,
    "k_mim_b": 0.021449100856937582,
    "k_mim_ub": 0.007331607705091882,
    "n_matp_b": 1.0002928932204493,
    "n_mim_b": 4.832767946616595
}