{
    "IL8": 9.530314102573147,
    "IL8_m": 8.206108172232842,
    "k_il8_p": 0.08654423999139738,
    "k_il8m_il8": 0.28654100111965664,
    "IL8_R": 7.950488164558353,
    "pIL8_R": 0.4649707742567193,
    "k_il8r_b": 0.029717641087840474,
    "k_il8r_ub": 0.50412497273779,
    "k_il8r_a": 0.03161912213251622,
    "k_il8r_da": 0.0984936077247589,
    "kd_il8_irak_p": 10055.686911040153,
    "k_il8_irak_p": 41339.712224235845,
    "o_il8_irak_p": 0.305596135972241,
    "k_nfkb_il8_p": 125.12279150140773,
    "kd_nfkb_il8_p": 75848.72994092123,
    "o_nfkb_il8_p": 0.1649642604709619,
    "k_ap1_il8_p": 7.6818306966347905,
    "kd_ap1_il8_p": 60042.60509605664,
    "o_ap1_il8_p": 0.24217754216712167
}