{
    "k_ntrpm_p": 0.06450180507103404,
    "n_ntrpm_p": 1.0234990692327557,
    "k_ntrpm_t": 0.6100300285761214,
    "n_ntrpm_t": 0.061233385292612574,
    "k_trpm_s": 0.6100221833038736,
    "k_m7ck_t1": 0.7540406314457389,
    "k_m7ck_t2": 0.24000573808657966,
    "n_m7ck_t": 3.604552468555867,
    "k_m7ck_deg": 0.5926330756570221
}