{
    "k_h3s10_p": 5.529684302171177,
    "k_h3s10_a": 0.3787002382330389,
    "k_h3s10_d": 0.8431666139456914,
    "k_h3s10_da": 0.3790051287387122
}