{
    "IL8": 1.850496483651527,
    "k_il8_p": 8145.63215027226,
    "k_il8_d": 0.8651447664564506,
    "IL8R": 1553.287250903802,
    "IL8_R": 4898.239795832876,
    "k_il8_b": 0.04694914933862937,
    "k_il8_ub": 0.414042695261236,
    "k_il8r_p": 911.0398316415033,
    "k_il8r_d": 0.574318429406388,
    "kd_irak_p": 17406.034821922625,
    "n_irak_p": 1.368303808836679
}