{
    "IL8": 9.864546412634851,
    "k_il8_p": 8382.586706436698,
    "k_il8_d": 0.9908190708259208,
    "IL8R": 1180.0721726598126,
    "IL8_R": 113.69354700698386,
    "k_il8_b": 0.012851713972536594,
    "k_il8_ub": 0.84165710401949,
    "k_il8r_p": 875.0888320999281,
    "k_il8r_d": 0.7417744895055111,
    "kd_irak_p": 60094.6340234053,
    "n_irak_p": 6.04521952268364
}