{
    "k_rho_a": 22.01586883582383,
    "kd_rho_a": 6370.714625146256,
    "o_rho_a": 0.7300969502053377,
    "k_rho_nfkb_a": 88104.70911676314,
    "kd_rho_nfkb_a": 10784.970021915287,
    "o_rho_nfkb_a": 0.09973094942462757,
    "k_rho_pi3k_a": 9875.729116893235,
    "kd_rho_pi3k_a": 15998.179443994879,
    "o_rho_pi3k_a": 0.013297058654368699,
    "k_rho_stat3_a": 31.69364713149662,
    "kd_rho_stat3_a": 88919.48778712902,
    "o_rho_stat3_a": 0.011309428009581624,
    "k_nfkb_il6_p": 317.52541759178894,
    "kd_nfkb_il6_p": 86974.17495244252,
    "o_nfkb_il6_p": 0.7445711413137208
}