{
    "IL6": 8.654176142762092,
    "IL6_R_JACK": 2.8882458899254955,
    "pIL6_R_JACK": 8.708903786270767,
    "k_il6r_b": 0.27739533518870507,
    "k_il6r_ub": 0.9585482278707151,
    "k_il6r_a": 0.9583980670316823,
    "k_il6r_da": 0.29493346411997035,
    "IL6_m": 5.9067992241653435,
    "k_il6m_il6": 0.04115406268998134,
    "k_il6_p": 0.3050134010561507,
    "k_il6_stat3_a": 16.74283259192515,
    "kd_il6_stat3_a": 108.02241092668737,
    "o_il6_stat3_a": 0.1690251600879839,
    "k_il6_pi3k_a": 791.4539805738868,
    "kd_il6_pi3k_a": 3860.0860152283803,
    "o_il6_pi3k_a": 0.2561774218800906,
    "k_nfkb_il6_p": 9.735974292124787,
    "kd_nfkb_il6_p": 24521.669653994308,
    "o_nfkb_il6_p": 0.8028968216238014
}