{
    "k_ntrpm_p": 0.0010111311947780088,
    "n_ntrpm_p": 2.303172314228545,
    "k_ntrpm_t": 0.7410061040831892,
    "k_trpm_s": 0.9968437547905072,
    "k_m7ck_t1": 0.9219270599665684,
    "k_m7ck_t2": 0.7127451109467265,
    "k_m7ck_deg": 0.9623775964715906
}