{
    "ATP": 4.4200492287922275,
    "k_atp_p0": 0.002255124807943189,
    "k_atp_pm": 8.491754273290441,
    "k_atp_c": 0.590124477903334,
    "IM": 1.0199739743020637,
    "Mg_ATP": 17.57597150605035,
    "Mg_IM": 0.12931885964186912,
    "k_m_i": 0.35411879710555166,
    "k_matp_b": 0.8632245228883954,
    "k_matp_ub": 0.45252482532151195,
    "k_mim_b": 0.15981115222635706,
    "k_mim_ub": 0.9897381814819478
}