{
    "IL8_R": 6.195009596795672,
    "pIL8_R": 1.7473583035488112,
    "k_il8r_b": 0.516826345402611,
    "k_il8r_ub": 0.9852906413788729,
    "k_il8r_a": 0.9302971850170958,
    "k_il8r_da": 0.948106328130202,
    "kd_il8_irak_p": 52589.193719531635,
    "k_il8_irak_p": 16416.675889591734,
    "o_il8_irak_p": 0.09546118942554127,
    "IL8_m": 0.10265149156962394,
    "k_il8m_il8": 0.11412357371927684,
    "k_il8_p": 0.12098375907390846,
    "kd_nfkb_il8_p": 8274.262288279933
}