{
    "ATP": 86.4520942691308,
    "k_atp_p0": 2.6352824800968415,
    "k_atp_pm": 9.730973698563966,
    "k_atp_c": 0.791135487941755,
    "IM": 84.6004873641613,
    "Mg_ATP": 3.121185777420422,
    "Mg_IM": 16.25893388745922,
    "k_m_i": 0.47316003059793077,
    "k_matp_b": 0.39997915202608353,
    "k_matp_ub": 0.912303701528618,
    "k_mim_b": 0.3021687942294477,
    "k_mim_ub": 0.9758836966118112,
    "k_ntrpm_p": 0.058946813797364495,
    "n_ntrpm_p": 1.8476220836040884,
    "k_ntrpm_t": 0.4410601731439136,
    "k_trpm_s": 0.5146263271603516,
    "k_m7ck_t1": 0.19564895457144738,
    "k_m7ck_t2": 0.23265771115574296,
    "k_m7ck_deg": 0.3916497421515702,
    "k_h3s10_p": 5.090810543286364,
    "k_h3s10_a": 0.6952502546068398,
    "k_h3s10_d": 0.7517988528219388,
    "k_h3s10_da": 0.6753606528281094
}