{
    "kd_mg_ikb_d": 6444.238314117194,
    "n_mg_ikb_d": 35.34707877180798,
    "kd_h3s10_ikb_p": 56.45708912897601,
    "k_h3s10_ikb_p": 99.34335703723194,
    "kd_h3s10_il8_p": 35.33516693304858,
    "k_h3s10_il8_p": 74.16847433865237,
    "o_h3s10_ikb": 0.06510182519657592
}