{
    "n_lps_irak_p": 9.828355905319542,
    "kd_lps_irak_p": 10.670538948095412,
    "k_lps_d": 0.9004123524469037
}