{
    "k_rho_pi3k_a": 62458.49852994394,
    "kd_rho_pi3k_a": 81093.51060344394,
    "o_rho_pi3k_a": 0.031515736129264726,
    "k_rho_stat3_a": 2.4904891028309066,
    "kd_rho_stat3_a": 58867.50385230576,
    "o_rho_stat3_a": 0.02958855488537837,
    "k_nfkb_il6_p": 476.7283576110902,
    "kd_nfkb_il6_p": 72554.06783481492,
    "o_nfkb_il6_p": 0.12229280205107085
}