{
    "IL8_R": 6.375144245196499,
    "pIL8_R": 4.893226552560951,
    "k_il8r_b": 0.33461961825244424,
    "k_il8r_ub": 0.3416821423753129,
    "k_il8r_a": 0.17722380061672344,
    "k_il8r_da": 0.5052703470378097,
    "kd_il8_irak_p": 71034.05230819689,
    "k_il8_irak_p": 22139.291578895285,
    "o_il8_irak_p": 0.09477325803665992,
    "IL8_m": 0.24765132765155418,
    "k_il8m_il8": 0.13065909135884202,
    "k_il8_p": 0.2262158240149006,
    "kd_nfkb_il8_p": 2870.5760525169558,
    "IL6_R": 4.536956498594282,
    "pIL6_R": 9.572559355600951,
    "k_il6r_b": 0.8731136468575151,
    "k_il6r_ub": 0.7361443807926054,
    "k_il6r_a": 0.5214673866254026,
    "k_il6r_da": 0.13118776334957372,
    "k_stat3_a": 780.9189843231072,
    "kd_stat3_a": 494946.1996287752,
    "o_stat3_a": 0.31254229701292,
    "k_pi3k_a": 416.2351645473982,
    "kd_pi3k_a": 9716.664201739477,
    "o_pi3k_a": 0.8991670449502592,
    "IL6_m": 8.383384537729532,
    "k_il6m_il6": 0.00575266524104473,
    "k_il6_p": 0.06249217137213492,
    "k_nfkb_il6_p": 355.10886731352764,
    "kd_nfkb_il6_p": 49341.34934743265
}