{
    "IL8_m": 3.2542542423068914,
    "k_il8m_il8": 0.10899369512886714,
    "k_il8_p": 2.496677907879075,
    "kd_nfkb_il8_p": 5172.580636420452,
    "IL8_R": 7.124318093726837,
    "k_il8_b": 0.6481612251538093,
    "k_il8r_d": 0.05064175575494356,
    "k_il8r_p": 9.371167962850285,
    "kd_il8_irak_p": 2329.91072139921,
    "k_il8_irak_p": 8547.360852868456,
    "kd_il8_ifngr_p": 40.04787022918754,
    "k_il8_ifngr_p": 141.92147670953972
}