{
    "IL6_R": 1.1493268215028252,
    "k_il6r_b": 0.24139905917419835,
    "k_il6r_ub": 0.48855365910833476,
    "k_il6r_a": 0.4121590839273849,
    "k_il6r_da": 0.09091479079435633,
    "k_stat3_a": 783.8435045676151,
    "kd_stat3_a": 337929.00774342945,
    "o_stat3_a": 0.0022421190115409217,
    "k_pi3k_a": 261.88493582789414,
    "kd_pi3k_a": 2716.293201706372,
    "o_pi3k_a": 0.0045445970574160555
}