{
    "IL8": 9.549606808313277,
    "k_il8_p": 3485.9996102460777,
    "k_il8_d": 0.5547004927788064,
    "IL8R": 1312.5735223089528,
    "IL8_R": 53.36140184766885,
    "k_il8_b": 0.0017987952433930615,
    "k_il8_ub": 0.6209246605522222,
    "k_il8r_p": 846.3988529020655,
    "k_il8r_d": 0.7027892086719473,
    "kd_irak_p": 569.0285738617321,
    "n_irak_p": 0.9912706507772362
}
