{
    "IL8": 1.3028653022619414,
    "k_il8_p": 5723.125335559691,
    "k_il8_d": 0.7347932169317373,
    "IL8R": 6724.16063191293,
    "IL8_R": 722.1530544114712,
    "k_il8_b": 0.2991010351247426,
    "k_il8_ub": 0.5612271309218652,
    "k_il8r_p": 829.1928148848276,
    "k_il8r_d": 0.12282568587469878,
    "kd_ifngr_p1": 89853.10671596706,
    "n_ifngr_p1": 0.9300459731310076,
    "kd_il4r_p1": 63570.782469735495,
    "n_il4r_p1": 4.992870416044718,
    "kd_irak_p": 864.9063922247733,
    "n_irak_p": 0.5841877846199219
}