{
    "ATP": 36.15207437384138,
    "Mg_ATP": 14.324922755479033,
    "k_atp_p0": 7.204066450538928,
    "k_atp_pm": 4.780109916585584,
    "k_atp_c": 0.769167725889379,
    "IM": 33.69461269980216,
    "Mg_IM": 8.88512864732379,
    "k_m_i": 0.9299130821189658,
    "k_m_e": 0.3596778487303576,
    "k_matp_b": 0.4962155090925529,
    "k_matp_ub": 0.11783209725961546,
    "k_mim_b": 0.05056769757785523,
    "k_mim_ub": 0.28902728948477424,
    "n_matp_b": 1.429136229547094,
    "n_mim_b": 3.4426187746070367,
    "k_ntrpm_p": 0.4728388451003257,
    "n_ntrpm_p": 24.951162220183203,
    "k_ntrpm_t": 0.25093948156399615,
    "n_ntrpm_t": 9.198858016923271,
    "k_trpm_s": 0.7528097386070034,
    "k_m7ck_t1": 0.1823798870704736,
    "k_m7ck_t2": 0.8531935600614726,
    "n_m7ck_t": 2.8461062889344477,
    "k_m7ck_deg": 0.13974873602832466,
    "k_h3s10_p": 0.3706503952233608,
    "k_h3s10_up": 0.5586566293692371,
    "n_h3s10_p": 4.164857592696205
}