{
    "k_h3s10_p": 7.035444348793543,
    "k_h3s10_a": 0.9589420876901643,
    "k_h3s10_d": 0.7221697589064646,
    "k_h3s10_da": 0.807474039427079,
    "n_h3s10_a": 0.7377166985974215
}