{
    "kd_ikb_d": 88.94880453426998,
    "n_ikb_d": 23.432448813190682,
    "kd_ikb_p": 1.2079960347701189,
    "n_ikb_p": 29.5215204261909
}