{
    "IL8": 0.9999916035477819,
    "k_il8_p": 0.8613831690798672,
    "k_il8_d": 0.8900963226919935,
    "k_il8_b": 0.11275722000432986,
    "k_il8_ub": 0.6317603771480188,
    "k_il8r_p": 0.9942699527518489,
    "k_il8r_d": 0.9942638498151298,
    "kd_ifngr_p1": 5.403952321601004,
    "n_ifngr_p1": 7.117633691860451
}