{
    "IL8": 1.891814263461892,
    "k_il8_p": 4.3486577720016255,
    "k_il8_d": 0.6877261212777952,
    "IL8R": 752.1222725988829,
    "IL8_R": 1749.213579806417,
    "k_il8_b": 0.7196793435010713,
    "k_il8_ub": 0.5854103350779299,
    "k_il8r_p": 0.9017900061464696,
    "k_il8r_d": 0.0011989751265113183,
    "kd_ifngr_p1": 2411.8328442440325,
    "n_ifngr_p1": 5.899870081255099,
    "kd_il4r_p1": 2818.2751317709804,
    "n_il4r_p1": 6.5409032070269015,
    "kd_irak_p": 28373.04983101502,
    "n_irak_p": 1.894928894107764
}