
{
    "IL8": 7.408568221151385,
    "k_il8_p": 5.970462870815936,
    "kd_nfkb_il8_p": 2085.514347894692,
    "k_il8_d": 0.37595294602525076,
    "IL8R": 4800.422519863175,
    "IL8_R": 7.689186472021902,
    "k_il8_b": 0.0011844646079401944,
    "k_il8_ub": 0.7266871178144181,
    "k_il8r_p": 917.4566246712063,
    "k_il8r_d": 0.19039877492259133,
    "kd_il8_irak_p": 33.35345100816778
}
