{
    "IL6_R": 999.6040850863661,
    "k_il6r_b": 0.9562189677733784,
    "k_il6r_ub": 0.0076758559522037695,
    "k_il6r_a": 0.9246759088686387,
    "k_il6r_da": 0.11936320185469884,
    "k_stat3_a": 496.1493935891479,
    "kd_stat3_a": 20.365508579532616,
    "o_stat3_a": 0.040579200388207504
}