{
    "IL8": 8.812673844671163,
    "IL8_m": 0.021007864853922698,
    "k_il8_p": 0.013385842315493335,
    "k_il8m_il8": 0.6198133323503698,
    "IL8_R": 4.82893203252714,
    "pIL8_R": 2.894467456365114,
    "k_il8r_b": 0.9662534764186338,
    "k_il8r_ub": 0.6196709975901828,
    "k_il8r_a": 0.6851200290039197,
    "k_il8r_da": 0.8813486044040026,
    "kd_il8_irak_p": 75192.46845579546,
    "k_il8_irak_p": 12538.604430541294,
    "o_il8_irak_p": 0.40763272189839656
}