{
    "kd_mg_ikb_d": 9.527856037488057,
    "n_mg_ikb_d": 86.83130645607879,
    "kd_h3s10_il8_p": 0.15588686763916826,
    "n_h3s10_il8_p": 1.976746555018444,
    "kd_h3s10_ikb_p": 7.946141557248329,
    "n_h3s10_ikb_p": 8.311637219453953
}