{
    "IL6_R": 100.90503067310163,
    "k_il6r_b": 0.5793663441482831,
    "k_il6r_ub": 0.3329702037413867,
    "k_il6r_a": 0.8734913073270054,
    "k_il6r_da": 0.22222167688204325,
    "k_stat3_a": 706.4019366462959,
    "kd_stat3_a": 789948.23514807,
    "o_stat3_a": 0.04352473430145576,
    "k_pi3k_a": 390.38627386303483,
    "kd_pi3k_a": 32294.38518543978,
    "o_pi3k_a": 0.9758830778336112,
    "IL6_m": 7.064251622580665,
    "k_il6m_il6": 0.34958766774230976,
    "k_il6_p": 0.061326323376285075,
    "k_nfkb_il6_p": 287.28079073990557,
    "kd_nfkb_il6_p": 58397.03050822632
}