{
    "n_lps_irak_p": 5.818146003795552,
    "kd_lps_irak_p": 46.049126117396845,
    "k_lps_d": 0.009787585701163226
}