{
    "IL6": 9.934763848374025,
    "IL6_R_JACK": 2.656543040483199,
    "pIL6_R_JACK": 4.782396550902826,
    "k_il6r_b": 0.012253929059329982,
    "k_il6r_ub": 0.7394812545628294,
    "k_il6r_a": 0.17487196517404457,
    "k_il6r_da": 0.8346401473975291,
    "IL6_m": 4.874191594566767,
    "k_il6m_il6": 0.14961915520649127,
    "k_il6_p": 0.21010419318006512,
    "k_il6_stat3_a": 42.545869369881345,
    "kd_il6_stat3_a": 148.0179886433416,
    "o_il6_stat3_a": 0.003209358189301237,
    "k_il6_pi3k_a": 112.09861375432735,
    "kd_il6_pi3k_a": 9982.093627929087,
    "o_il6_pi3k_a": 0.0022244759678398673,
    "k_nfkb_il6_p": 33.79354175445154,
    "kd_nfkb_il6_p": 51050.57047733415,
    "o_nfkb_il6_p": 0.8991955634458478,
    "k_ap1_il6_p": 31.587999417037942,
    "kd_ap1_il6_p": 99053.44164791061,
    "o_ap1_il6_p": 0.3733392868051495,
    "IL8": 8.66787251124053,
    "IL8_m": 8.215542560899978,
    "k_il8_p": 3.087575077468955,
    "k_il8m_il8": 0.4472489273997435,
    "IL8_R": 4.287298371691547,
    "pIL8_R": 3.5698572767952923,
    "k_il8r_b": 0.8856922219317718,
    "k_il8r_ub": 0.0019374044020507575,
    "k_il8r_a": 0.0010166768495478706,
    "k_il8r_da": 0.9603739502584174,
    "kd_il8_irak_p": 569586.8167815106,
    "k_il8_irak_p": 53334.50715114252,
    "o_il8_irak_p": 0.9994715473037611,
    "k_nfkb_il8_p": 1.4723227271266524,
    "kd_nfkb_il8_p": 435.59876849987404,
    "o_nfkb_il8_p": 0.9409964865013594,
    "k_ap1_il8_p": 2.120849551975084,
    "kd_ap1_il8_p": 621.0438551959732,
    "o_ap1_il8_p": 0.40518441481846224
}