{
    "IL8_m": 1.00664143378666,
    "k_il8m_il8": 0.7055534274159563,
    "k_il8_p": 7.7392148114967085,
    "kd_nfkb_il8_p": 9060.08392469455,
    "IL8_R": 9.170081838497477,
    "k_il8_b": 0.14605373485078582,
    "k_il8r_d": 0.07574267625162434,
    "k_il8r_p": 7.9394693179698415,
    "kd_il8_irak_p": 832.0720706453722,
    "k_il8_irak_p": 8931.088667122709
}