{
    "IL8": 9621.792691217302,
    "k_il8_p": 79.17340178136008,
    "kd_il8_p1": 82.56287643240319,
    "n_il8_p1": 5.277012952224436,
    "k_il8_d": 0.007947382863497226
}