{
    "IL8": 8.127920697876641,
    "IL8_m": 8.004693814672002,
    "k_il8_p": 0.014096240518824743,
    "k_il8m_il8": 0.6172332758439073,
    "IL8_R": 8.4634116818356,
    "pIL8_R": 0.3099763941317253,
    "k_il8r_b": 0.04106502760801811,
    "k_il8r_ub": 0.7776783648879889,
    "k_il8r_a": 0.6237593978669514,
    "k_il8r_da": 0.5582060196216393,
    "kd_il8_irak_p": 59406.13319457409,
    "k_il8_irak_p": 49785.32259969063,
    "o_il8_irak_p": 0.24623485421890456,
    "k_rho_a": 4.142403771157433,
    "kd_rho_a": 43328.88442316647,
    "o_rho_a": 0.17137586763448642,
    "k_rho_pi3k_a": 32444.467380814476,
    "kd_rho_pi3k_a": 5218.283569016333,
    "o_rho_pi3k_a": 0.28486015613857807,
    "k_rho_stat3_a": 55295.943743820426,
    "kd_rho_stat3_a": 58003.48847553757,
    "o_rho_stat3_a": 0.3238152868186092,
    "k_rho_jnk_a": 20040.765004069766,
    "kd_rho_jnk_a": 12546.007165706244,
    "o_rho_jnk_a": 0.47336868042765456,
    "k_nfkb_il6_p": 561.4383740919745,
    "kd_nfkb_il6_p": 10102.161542673297
}