{"k_h3s10_p": 0.0008219928910752969, "k_h3s10_up": 0.0007185223876702998, "n_h3s10_p": 1.8322649421309343}