{
    "IL8": 9.274349151831718,
    "IL8_m": 6.474724967830616,
    "k_il8_p": 0.41801656920994645,
    "k_il8m_il8": 0.3224453004878919,
    "IL8_R": 6.748949180793033,
    "pIL8_R": 9.064616758987556
}