{
    "kd_mg_ikb_d": 348.96782336129877,
    "n_mg_ikb_d": 4.191826739972475,
    "kd_h3s10_il8_p": 0.00409615805830299,
    "n_h3s10_il8_p": 2.0220822057201926,
    "kd_h3s10_ikb_p": 8.662163174752855,
    "n_h3s10_ikb_p": 9.589021291291598
}