{
    "IL8_R": 8.460790904673832,
    "pIL8_R": 0.628656490778102,
    "k_il8r_b": 0.2765993104027916,
    "k_il8r_ub": 0.41424941651379343,
    "k_il8r_a": 0.5190375474817108,
    "k_il8r_da": 0.9945349736595647,
    "kd_il8_irak_p": 564782.8117253628,
    "k_il8_irak_p": 99225.07251682185,
    "o_il8_irak_p": 0.16617460396185724
}