{
    "kd_lps_irak_p": 270.7615870933514,
    "k_lps_d": 0.19942204613132047,
    "k_lps_irak_p": 631249.5569765924
}