{
    "deg": 8.292993646673927e+19,
    "V165a": 260137.77027827795,
    "IFNG": 6390.264765379528,
    "IFNGR_JAK": 9617.923971561488,
    "IFNG_R_JAK": 2.692440551300945e-05,
    "pIFNG_R_JAK": 0.00029248049526918576,
    "STAT1": 474114.5117391292,
    "pIFNG_R_JAK_STAT1": 0.8325899458238725,
    "pSTAT1": 0.211082246266995,
    "pSTAT1D": 0.0022142382590308986,
    "pSTAT1D_n": 0.003378128413348638,
    "STAT1D_n": 0.002337290692974829,
    "STAT1_n": 17.860899537403192,
    "SOCS1": 151120646.4723786,
    "IFNG_R_JAK_SOCS1": 98.80077488353416,
    "IFNG_R_lyso": 4.948548749918404,
    "SOCS1_JAK": 31.054498887869702,
    "IRF9": 1731.0650427000512,
    "IRF9_n": 17500.3319549392,
    "pSTAT1D_IRF9": 0.00045590780126651275,
    "pSTAT1D_IRF9_n": 0.005549518648513146,
    "SOCS3": 437407.8720031957,
    "IFNG_R_JAK_SOCS3": 0.14303969101083325,
    "SOCS3_JAK": 0.46492998809199604,
    "IL4": 24.58014514783398,
    "IL4R_JAK": 3283.53193703942,
    "IL4_R_JAK": 5.206463932404996e-07,
    "pIL4_R_JAK": 1.0419424192559604e-06,
    "STAT6": 59994.99997125299,
    "pIL4_R_JAK_STAT6": 6.917791551364934e-11,
    "pSTAT6": 3.541815265314935e-06,
    "pSTAT6D": 1.8174594728589833e-14,
    "pSTAT6D_n": 9.98137295214661e-06,
    "STAT6D_n": 1.0082194893667414e-07,
    "STAT6_n": 5.041097324212124e-06,
    "IL4_R_JAK_SOCS1_i": 2.040283989395459e-07,
    "IL4_R_lyso": 0.16141919959786205,
    "IL4_R_JAK_SOCS3_i": 2.9530251533875806e-11,
    "PTEN": 59353.21462654367,
    "IRF4": 14612.051374089562,
    "IL10": 4052958.3609651052,
    "JAK": 100311.63317106805,
    "IFNGR": 62.44663034059351,
    "IFNG_R": 7.407906453343855,
    "IL4R": 17.304338798798472,
    "IL4_R": 4.3693696047056515e-09,
    "ARG1": 7199118.332571332,
    "m3473b": 5817.200615145436,
    "mPTEN": 0.8750690625476909,
    "m3473b_mPTEN": 3.1815304938427635,
    "iNOS": 456.24769537891336,
    "m93": 1943.0564998941923,
    "HIF1a": 1272.3104123570943,
    "HIF2a": 594.1152148708778,
    "PPARG": 252.44360027887228,
    "aPPARG": 1170.66248460611,
    "HIF1b_n": 14871.492240572976,
    "HIF2a_n": 165.5391048198434,
    "HIF1a_n": 358.31452073050235,
    "HIF2a_b_n": 41.100022673562734,
    "HIF1a_b_n": 89.40773675348719,
    "IRF1": 93.23349440347278,
    "PHD": 21029.676392465288,
    "O2_aPHD": 2393.4090166418673,
    "HIF1a_OH": 64.32322702559428,
    "HIF2a_OH": 11.28895635367423,
    "TNFa": 3516.441752652941,
    "CXCL9": 22.757724221061174,
    "mIRF9": 4.0593331903821674,
    "m93_mIRF9": 4.929209229075145,
    "IL12": 240.67109525027016,
    "aPHD": 30123.688550174702,
    "mCXCL10": 0.09061030340344123,
    "pIL4_R_JAK_i": 2.075467307755725e-13,
    "IL4_R_JAK_SOCS1": 2.098143867110197,
    "IL4_R_JAK_SOCS3": 0.00030377186598517055,
    "IRG1": 1514.2105067623745,
    "Itaconate": 28422839.19997705,
    "STAT3": 249790.7568463756,
    "pSTAT3": 15.709045005012783,
    "pSTAT3D": 12.338552110842615,
    "pSTAT3D_n": 41.12488959909099,
    "STAT3D_n": 12.337135200861947,
    "STAT3_n": 26.39944310054033,
    "pSTAT1_3": 1.6608069762012456,
    "pSTAT1_3_n": 17.19917447474907,
    "PI3K": 3.813841648455149e-10,
    "pPI3K": 4000.999999999672,
    "AKT1": 29871.58052397788,
    "AKT2": 9957.326269687732,
    "pAKT1": 120129.41947602147,
    "pAKT2": 40043.67373031243,
    "IL10R": 1.0269490220881003,
    "IL10R_JAK": 0.4409912044128065,
    "IL10_R_JAK": 1.128823364598184e-06,
    "pIL10_R_JAK": 4.029633122496767e-05,
    "pIL10_R_JAK_STAT3": 0.0010599007150561275,
    "IL10_R_lyso": 0.37679556572456907,
    "IL10_R_JAK_SOCS1": 4.142570601921671,
    "IL10_R": 0.3123812881663547,
    "mIL10": 14724.204989746053,
    "m146b": 292.86929503644353,
    "pre_m146b": 236.26695601624016,
    "pre_m155": 161878625.67094648,
    "m155": 133832538.9752108,
    "CEBPB": 5240968.9909669,
    "TNFR": 905.9619114043519,
    "TNFa_R": 44.853721251319456,
    "TNFa_R_lyso": 2.2429737408854784,
    "RIP1": 5302.039550155916,
    "aRIP1": 41.829445188275685,
    "A20": 1012739.0679146823,
    "TAK1": 5244.629338335951,
    "pTAK1": 9756.370661664074,
    "p38": 6154.719124568028,
    "pp38": 289103.03370275476,
    "pp38_n": 404744.2471726785,
    "JNK": 139.73261410255003,
    "pJNK": 4458.680215929047,
    "IKK": 25842.029066756637,
    "pIKK": 122971.93893080723,
    "pJNK_n": 10403.587169968363,
    "ERK": 649103.0969731119,
    "pERK": 300984.8647855484,
    "pERK_n": 1053088.0382413538,
    "VEGFR1": 71.21380005906485,
    "V165a_R1": 23.01770959522978,
    "pV165a_R1": 9.209067605601032,
    "V165_R1_lyso": 18.768098049005978,
    "V165b": 14354.97492554978,
    "V165b_R1": 9.733900600786068,
    "pV165a_R1_STAT3": 30.67247034560237,
    "p65": 23.25701286816067,
    "p50": 42889.91170675865,
    "NFKB": 957.5099708458448,
    "NFKB_n": 3839.485529212985,
    "IKB_n": 14.516523126144518,
    "IKB_NFKB_n": 69.66485757692948,
    "IKB_NFKB": 240.30048648476162,
    "IKB": 673.4502460485758,
    "pIKB": 700.5910809741914,
    "p50_n": 400.26013364851696,
    "CREB": 3346.2954639083882,
    "pCREB": 76653.70453609109,
    "AP1_n": 350973.2148678567,
    "INT1": 999.7081756417741,
    "aINT1": 0.29182435822509106,
    "EGR2": 1025.009156514879,
    "INT2": 999.9981718578061,
    "aINT2": 0.001828142197855494,
    "IL1b": 1791.6990857210935,
    "IL1R": 966.4022918824286,
    "IL1b_R": 2.5118876846011426,
    "IRAK4": 1.265555308283238e+20,
    "IL1b_R_lyso": 0.045644450620848265,
    "TRAF6": 1.6513627387601807e-05,
    "IRF5": 66469.4734424025,
    "aIRF5": 83612.52655759771,
    "aTRAF6": 2999.9999834863775,
    "IL1Ra": 788267.4600511958,
    "IL1Ra_R": 1318.4247007166812,
    "pIRAK4": 7977826001308217.0,
    "GSK3b": 5057.676851108413,
    "pGSK3b": 134942.32314889107,
    "LPS": -2.5302331730849584e-49
}