{
    "deg": 761568634.3258829,
    "V165a": 219959.22997152607,
    "IFNG": 7502.3807749731595,
    "IFNGR_JAK": 9390.943278466253,
    "IFNG_R_JAK": 0.002302049191381311,
    "pIFNG_R_JAK": 0.001172538148480504,
    "STAT1": 474586.9632825074,
    "pIFNG_R_JAK_STAT1": 3.339814902382815,
    "pSTAT1": 0.8966129358534033,
    "pSTAT1D": 0.039844545874071595,
    "pSTAT1D_n": 0.05874735166063826,
    "STAT1D_n": 0.04126282564809918,
    "STAT1_n": 68.66005051701667,
    "SOCS1": 1992115.0542602667,
    "IFNG_R_JAK_SOCS1": 111.34702326425408,
    "IFNG_R_lyso": 5.671681100649161,
    "SOCS1_JAK": 35.733580876722925,
    "IRF9": 1785.0511930338942,
    "IRF9_n": 17899.636083708676,
    "pSTAT1D_IRF9": 0.008428234140248719,
    "pSTAT1D_IRF9_n": 0.09845102164884785,
    "SOCS3": 73536.05635720586,
    "IFNG_R_JAK_SOCS3": 2.0562217599749233,
    "SOCS3_JAK": 6.672656486356963,
    "IL4": 24.541470113141955,
    "IL4R_JAK": 3286.427249458136,
    "IL4_R_JAK": 3.939799433114065e-05,
    "pIL4_R_JAK": 7.886737656402688e-05,
    "STAT6": 59994.99963440848,
    "pIL4_R_JAK_STAT6": 3.965309430948698e-07,
    "pSTAT6": 0.00033946982275613835,
    "pSTAT6D": 1.6478275486261018e-10,
    "pSTAT6D_n": 1.0187322652629048e-05,
    "STAT6D_n": 1.0290158235085208e-07,
    "STAT6_n": 5.144400580166947e-06,
    "IL4_R_JAK_SOCS1_i": 1.5417593619936506e-05,
    "IL4_R_lyso": 0.16130561712737906,
    "IL4_R_JAK_SOCS3_i": 2.8460038855915875e-08,
    "PTEN": 59974.51674644272,
    "IRF4": 14615.033673813847,
    "IL10": 1933242.167872841,
    "JAK": 100337.25204270531,
    "IFNGR": 63.102093256178534,
    "IFNG_R": 8.487769025374963,
    "IL4R": 17.25519471965588,
    "IL4_R": 3.307347016486277e-07,
    "ARG1": 5174711.421948906,
    "m3473b": 5132.084028964053,
    "mPTEN": 0.991543918935502,
    "m3473b_mPTEN": 3.1804190758583073,
    "iNOS": 804.7141420879275,
    "m93": 1401.1663264970805,
    "HIF1a": 1483.1420987848308,
    "HIF2a": 561.6940408436593,
    "PPARG": 254.04825837678698,
    "aPPARG": 1169.4875732632045,
    "HIF1b_n": 14857.597578962326,
    "HIF2a_n": 156.87607621644983,
    "HIF1a_n": 421.08786981899243,
    "HIF2a_b_n": 38.96065223534112,
    "HIF1a_b_n": 105.44176880235308,
    "IRF1": 108.57280823808769,
    "PHD": 22293.623000624146,
    "O2_aPHD": 2536.0732778912743,
    "HIF1a_OH": 79.4579479427135,
    "HIF2a_OH": 11.309263478286294,
    "TNFa": 2431.5001161380283,
    "CXCL9": 22.770689367103465,
    "mIRF9": 5.561847321733465,
    "m93_mIRF9": 4.870112403685453,
    "IL12": 233.48798515151344,
    "aPHD": 31927.112346286813,
    "mCXCL10": 0.08820357486730011,
    "pIL4_R_JAK_i": 1.1896562048963038e-09,
    "IL4_R_JAK_SOCS1": 2.0929481264581344,
    "IL4_R_JAK_SOCS3": 0.003865209167830269,
    "IRG1": 1558.3504834321054,
    "Itaconate": 29695234.507401377,
    "STAT3": 249752.91989110186,
    "pSTAT3": 14.672433300357305,
    "pSTAT3D": 10.764129116106782,
    "pSTAT3D_n": 35.88313522445133,
    "STAT3D_n": 10.765188560864779,
    "STAT3_n": 28.22146941140157,
    "pSTAT1_3": 6.5825556797829945,
    "pSTAT1_3_n": 66.80747745760206,
    "PI3K": 104.44364131840638,
    "pPI3K": 3896.556358681594,
    "AKT1": 30750.09694276782,
    "AKT2": 10250.16898044236,
    "pAKT1": 119250.90305723218,
    "pAKT2": 39750.83101955766,
    "IL10R": 1.6797738624291967,
    "IL10R_JAK": 1.530991528872204,
    "IL10_R_JAK": 0.00014331302006852646,
    "pIL10_R_JAK": 0.006240387813128655,
    "pIL10_R_JAK_STAT3": 0.16412674810230832,
    "IL10_R_lyso": 0.6367217493291025,
    "IL10_R_JAK_SOCS1": 6.979934373398334,
    "IL10_R": 0.5331210725275921,
    "mIL10": 11133.998612391786,
    "m146b": 295.67830568998886,
    "pre_m146b": 218.32996097986998,
    "pre_m155": 2615160.9075152595,
    "m155": 3815192.951686455,
    "CEBPB": 4476991.376061729,
    "TNFR": 1017.7868189132183,
    "TNFa_R": 34.899744874061334,
    "TNFa_R_lyso": 1.7453822379973296,
    "RIP1": 6733.690603938699,
    "aRIP1": 41.34595763912381,
    "A20": 1009100.6373553537,
    "TAK1": 13851.42187263435,
    "pTAK1": 1149.5781273656928,
    "p38": 489731.73936885025,
    "pp38": 87617.67191300113,
    "pp38_n": 122652.5887181514,
    "JNK": 10822.274833741982,
    "pJNK": 1254.063818471439,
    "IKK": 30133.57182920536,
    "pIKK": 1990.9868822389085,
    "pJNK_n": 2925.6613477865426,
    "ERK": 1965693.0764687515,
    "pERK": 8331.30230886667,
    "pERK_n": 29151.621222387766,
    "VEGFR1": 81.86256906216076,
    "V165a_R1": 22.372370727577934,
    "pV165a_R1": 8.950659576865364,
    "V165_R1_lyso": 18.78644451754857,
    "V165b": 13185.368889637843,
    "V165b_R1": 10.278204003440502,
    "pV165a_R1_STAT3": 29.807140498828414,
    "p65": 32.77684825785908,
    "p50": 35123.11749147999,
    "NFKB": 1111.2357405949347,
    "NFKB_n": 4770.39085149443,
    "IKB_n": 13.224333900931812,
    "IKB_NFKB_n": 78.86956394522223,
    "IKB_NFKB": 18594.567906794913,
    "IKB": 736.6178136942829,
    "pIKB": 888.6541926124916,
    "p50_n": 497.7433191960356,
    "CREB": 8472.703822477273,
    "pCREB": 71527.29617752279,
    "AP1_n": 40475.40983539832,
    "INT1": 999.6923040899985,
    "aINT1": 0.30769590999899593,
    "EGR2": 1027.7066037571565,
    "INT2": 999.7534012641469,
    "aINT2": 0.24659873585557265,
    "IL1b": 1803.707507765356,
    "IL1R": 862.3418087654866,
    "IL1b_R": 2.254984543089409,
    "IRAK4": 500870179.42958945,
    "IL1b_R_lyso": 0.04097328554254312,
    "TRAF6": 2866.546388344061,
    "IRF5": 66477.79581481541,
    "aIRF5": 83604.20418518485,
    "aTRAF6": 133.45361165593454,
    "IL1Ra": 814106.8438818397,
    "IL1Ra_R": 1215.0391856207375,
    "pIRAK4": 25441.814604313156,
    "GSK3b": 5129.742394075031,
    "pGSK3b": 134870.25760592494,
    "LPS": -6.031639286191436e-23
}