{
    "deg": 10836078358.162926,
    "V165a": 295.47697018031306,
    "IFNG": 1762584.9184203031,
    "IFNGR_JAK": 8.704674632583343,
    "IFNG_R_JAK": 0.15006895009230142,
    "pIFNG_R_JAK": 0.05077316937897309,
    "STAT1": 588721.4876109135,
    "pIFNG_R_JAK_STAT1": 179.3600508328339,
    "pSTAT1": 50.001597628585365,
    "pSTAT1D": 122.78236344847429,
    "pSTAT1D_n": 108.4141747042001,
    "STAT1D_n": 127.74059069034905,
    "STAT1_n": 3592.747534646708,
    "SOCS1": 6333.261627562022,
    "IFNG_R_JAK_SOCS1": 23.094731184652073,
    "IFNG_R_lyso": 1.2654728698463649,
    "SOCS1_JAK": 7.565366140469947,
    "IRF9": 3134.1655108174477,
    "IRF9_n": 30555.968424342027,
    "pSTAT1D_IRF9": 45.49292878420638,
    "pSTAT1D_IRF9_n": 311.00445096188,
    "SOCS3": 1193.16418376205,
    "IFNG_R_JAK_SOCS3": 2.157179658684947,
    "SOCS3_JAK": 5.387466340017991,
    "IL4": 25.886886558533888,
    "IL4R_JAK": 3116.5429809619195,
    "IL4_R_JAK": 0.011934405756976208,
    "pIL4_R_JAK": 0.02374467242294978,
    "STAT6": 59972.22046375347,
    "pIL4_R_JAK_STAT6": 0.03552538336485612,
    "pSTAT6": 11.256744036537947,
    "pSTAT6D": 0.1804319443286651,
    "pSTAT6D_n": 4.680397647995825,
    "STAT6D_n": 0.04655104998868015,
    "STAT6_n": 1.672505541883234,
    "IL4_R_JAK_SOCS1_i": 0.004387383059751058,
    "IL4_R_lyso": 0.16008407866133378,
    "IL4_R_JAK_SOCS3_i": 4.123514086425564e-05,
    "PTEN": 105299.27820106993,
    "IRF4": 14655.80205978811,
    "IL10": 1241.4218956870627,
    "JAK": 102490.04749305139,
    "IFNGR": 6.020827963850482,
    "IFNG_R": 1.8509575762014756,
    "IL4R": 15.688174291968759,
    "IL4_R": 9.427433445777656e-05,
    "ARG1": 914257.3044558021,
    "m3473b": 93.76456928516546,
    "mPTEN": 33.71706221793036,
    "m3473b_mPTEN": 1.979113343821852,
    "iNOS": 4526.001544763339,
    "m93": 329.21647357582657,
    "HIF1a": 1558.9311027218062,
    "HIF2a": 270.745800028353,
    "PPARG": 1089.7164000857815,
    "aPPARG": 395.3455802963182,
    "HIF1b_n": 14867.149721571737,
    "HIF2a_n": 72.28830610313062,
    "HIF1a_n": 459.8282083256116,
    "HIF2a_b_n": 17.600554036137517,
    "HIF1a_b_n": 117.24972439210212,
    "IRF1": 4534.184938357959,
    "PHD": 13809.487648591317,
    "O2_aPHD": 1573.2469387138995,
    "HIF1a_OH": 51.86208934372758,
    "HIF2a_OH": 3.3779933932722193,
    "TNFa": 1615.626598850279,
    "CXCL9": 31257.18759903587,
    "mIRF9": 22.00437712164406,
    "m93_mIRF9": 4.521483684464096,
    "IL12": 1062.9769495593118,
    "aPHD": 19804.92315252949,
    "mCXCL10": 2082.0446238462664,
    "pIL4_R_JAK_i": 0.00010664418774850139,
    "IL4_R_JAK_SOCS1": 2.0159827336630904,
    "IL4_R_JAK_SOCS3": 0.01881491962585388,
    "IRG1": 25960.854009069568,
    "Itaconate": 5168686763.295155,
    "STAT3": 248762.69262361483,
    "pSTAT3": 4.109808460557832,
    "pSTAT3D": 0.8439019472057137,
    "pSTAT3D_n": 2.799204965473564,
    "STAT3D_n": 0.8385213427985141,
    "STAT3_n": 103.96641907085026,
    "pSTAT1_3": 102.72757584453502,
    "pSTAT1_3_n": 1023.3126177214974,
    "PI3K": 3876.3350541239392,
    "pPI3K": 124.66494587606533,
    "AKT1": 140585.4260599487,
    "AKT2": 46862.43350668678,
    "pAKT1": 9415.573940051208,
    "pAKT2": 3138.566493313201,
    "IL10R": 4.192054387930126,
    "IL10R_JAK": 754.9140540301169,
    "IL10_R_JAK": 0.012572503863205827,
    "pIL10_R_JAK": 0.2016513136615669,
    "pIL10_R_JAK_STAT3": 5.279330136283034,
    "IL10_R_lyso": 0.1939124419213202,
    "IL10_R_JAK_SOCS1": 1.9313941344063026,
    "IL10_R": 3.824255263875057,
    "mIL10": 1.2707276787092177,
    "m146b": 89.46806556915628,
    "pre_m146b": 2.3737980933614446,
    "pre_m155": 99.28518321945408,
    "m155": 498.6006582385135,
    "CEBPB": 6884.662107638953,
    "TNFR": 1108.1058586667455,
    "TNFa_R": 25.37573040817585,
    "TNFa_R_lyso": 1.2694611537968226,
    "RIP1": 22736.53762903262,
    "aRIP1": 416.1132068608534,
    "A20": 8110.105030474935,
    "TAK1": 14948.842376132057,
    "pTAK1": 52.15762386795562,
    "p38": 690414.1742465066,
    "pp38": 3996.90308928997,
    "pp38_n": 5590.922664205084,
    "JNK": 14811.67532322535,
    "pJNK": 57.15389346547987,
    "IKK": 71296.59608955676,
    "pIKK": 9.68849832970316,
    "pJNK_n": 133.17078330914612,
    "ERK": 2001980.7885772744,
    "pERK": 267.4182503318777,
    "pERK_n": 927.7931723935169,
    "VEGFR1": 6059.436710604544,
    "V165a_R1": 2.2232891150547704,
    "pV165a_R1": 0.8889754849554884,
    "V165_R1_lyso": 14.574883212500994,
    "V165b": 348.03192243730695,
    "V165b_R1": 20.08459997449004,
    "pV165a_R1_STAT3": 2.948368641674184,
    "p65": 26437.045547113226,
    "p50": 23.429831255076554,
    "NFKB": 614.948273131389,
    "NFKB_n": 709.8510112472426,
    "IKB_n": 83.08356077745755,
    "IKB_NFKB_n": 74.0728104313851,
    "IKB_NFKB": 68088.55793883793,
    "IKB": 1253.0697781867725,
    "pIKB": 15.815914717577995,
    "p50_n": 42.639498898012455,
    "CREB": 78467.67196741683,
    "pCREB": 1532.3280325832998,
    "AP1_n": 277.2083125323478,
    "INT1": 997.5218371942268,
    "aINT1": 2.4781628057700194,
    "EGR2": 1652.6538132303226,
    "INT2": 996.0108954990876,
    "aINT2": 3.989104500913052,
    "IL1b": 979.4474837021942,
    "IL1R": 256.9936803784658,
    "IL1b_R": 0.36817161033309725,
    "IRAK4": 254693.09903636685,
    "IL1b_R_lyso": 0.006696202867019393,
    "TRAF6": 2998.5312075062056,
    "IRF5": 149638.8106406554,
    "aIRF5": 443.189359344073,
    "aTRAF6": 1.4687924937892312,
    "IL1Ra": 33621.827390271785,
    "IL1Ra_R": 15.189445881243456,
    "pIRAK4": 0.34542738989088634,
    "GSK3b": 120566.04859678441,
    "pGSK3b": 19433.951403215688,
    "aLPS": 0.5840042797971932,
    "LPS": -9.636293270270312e-84
}