{
    "deg": 1816486475555.9124,
    "V165a": 126586.44471483953,
    "IFNG": 379.20580807191527,
    "IFNGR_JAK": 16070.321506996179,
    "IFNG_R_JAK": 0.005937581594304705,
    "pIFNG_R_JAK": 0.001645744951819538,
    "STAT1": 742492.8607999879,
    "pIFNG_R_JAK_STAT1": 7.331485453110386,
    "pSTAT1": 1.3914775283476566,
    "pSTAT1D": 0.09323549209172384,
    "pSTAT1D_n": 0.04074814546341274,
    "STAT1D_n": 0.09999528336969281,
    "STAT1_n": 145.75089931562897,
    "SOCS1": 55980.374926133474,
    "IFNG_R_JAK_SOCS1": 8.051445165356578,
    "IFNG_R_lyso": 0.4854869960918134,
    "SOCS1_JAK": 6.514038155328243,
    "IRF9": 6388.191467157841,
    "IRF9_n": 64012.66879403573,
    "pSTAT1D_IRF9": 0.070345245456883,
    "pSTAT1D_IRF9_n": 0.24710836214696824,
    "SOCS3": 23050.983757962647,
    "IFNG_R_JAK_SOCS3": 1.6578938148759685,
    "SOCS3_JAK": 4.889905928569352,
    "IL4": 18.997113046348822,
    "IL4R_JAK": 4251.558619387653,
    "IL4_R_JAK": 0.0013735876652963843,
    "pIL4_R_JAK": 0.0027446210647054095,
    "STAT6": 59994.630905968785,
    "pIL4_R_JAK_STAT6": 0.00048042261847124594,
    "pSTAT6": 0.3525444227222669,
    "pSTAT6D": 0.00017742747629959207,
    "pSTAT6D_n": 0.006513017948609427,
    "STAT6D_n": 6.507189377925528e-05,
    "STAT6_n": 0.0025581512785052196,
    "IL4_R_JAK_SOCS1_i": 0.000524710229559705,
    "IL4_R_lyso": 0.16140321095572085,
    "IL4_R_JAK_SOCS3_i": 1.080336480801086e-05,
    "PTEN": 64172.18790768789,
    "IRF4": 5628.330495247221,
    "IL10": 74785.99738312716,
    "JAK": 97834.54116730008,
    "IFNGR": 85.17863729233038,
    "IFNG_R": 0.7438631201353333,
    "IL4R": 22.925775540568658,
    "IL4_R": 1.1546500193485902e-05,
    "ARG1": 26567.56713154848,
    "m3473b": 8671.542631521761,
    "mPTEN": 0.5872651275581822,
    "m3473b_mPTEN": 3.18280762824083,
    "iNOS": 679.2445474057811,
    "m93": 339.70657178475784,
    "HIF1a": 2106.415178226847,
    "HIF2a": 532.8551615658268,
    "PPARG": 476.66297426466434,
    "aPPARG": 698.3969516798263,
    "HIF1b_n": 14819.352319129277,
    "HIF2a_n": 147.47578178538316,
    "HIF1a_n": 589.8982163848084,
    "HIF2a_b_n": 36.359632605082815,
    "HIF1a_b_n": 146.28804826565275,
    "IRF1": 116.75208530158473,
    "PHD": 13866.867099381394,
    "O2_aPHD": 1571.801673549979,
    "HIF1a_OH": 69.90505613747848,
    "HIF2a_OH": 6.646372910065939,
    "TNFa": 224063.42324026002,
    "CXCL9": 9.427531287021921,
    "mIRF9": 20.47952966158172,
    "m93_mIRF9": 4.3491692009649405,
    "IL12": 87.31390186848128,
    "aPHD": 19802.93984505255,
    "mCXCL10": 2.5885108515520568e-05,
    "pIL4_R_JAK_i": 1.4414418386217055e-06,
    "IL4_R_JAK_SOCS1": 2.0505276983085987,
    "IL4_R_JAK_SOCS3": 0.04222352553894641,
    "IRG1": 21230.756231271247,
    "Itaconate": 5610069472.416434,
    "STAT3": 249522.80529470227,
    "pSTAT3": 20.724520640795888,
    "pSTAT3D": 21.479642963801847,
    "pSTAT3D_n": 71.69553372361186,
    "STAT3D_n": 21.517363291077164,
    "STAT3_n": 57.446646344505155,
    "pSTAT1_3": 14.417748365526633,
    "pSTAT1_3_n": 143.96620348171658,
    "PI3K": 3633.278504498276,
    "pPI3K": 367.72149550172526,
    "AKT1": 112027.17140179346,
    "AKT2": 37342.88836248441,
    "pAKT1": 37973.82859820754,
    "pAKT2": 12658.11163751546,
    "IL10R": 3.6644475929491915,
    "IL10R_JAK": 79.12077908686298,
    "IL10_R_JAK": 0.009988052057162354,
    "pIL10_R_JAK": 0.21241971526692194,
    "pIL10_R_JAK_STAT3": 5.579571264628021,
    "IL10_R_lyso": 1.2550689846328258,
    "IL10_R_JAK_SOCS1": 13.584376660067136,
    "IL10_R": 1.4488384367963414,
    "mIL10": 167.85340940863668,
    "m146b": 138.00900550974995,
    "pre_m146b": 117.57531969437068,
    "pre_m155": 1719.2722598083606,
    "m155": 1477.6320288917639,
    "CEBPB": 169809.10859940146,
    "TNFR": 37.16470800167021,
    "TNFa_R": 116.99559709090968,
    "TNFa_R_lyso": 5.849783338438719,
    "RIP1": 6653.324163106067,
    "aRIP1": 580.5631433735972,
    "A20": 7094.308180027501,
    "TAK1": 14794.234146547557,
    "pTAK1": 206.7658534522529,
    "p38": 661971.1009177465,
    "pp38": 15844.289985671334,
    "pp38_n": 22186.609096585402,
    "JNK": 14246.53237421561,
    "pJNK": 226.58537160014652,
    "IKK": 83639.17278152224,
    "pIKK": 178.84052712491922,
    "pJNK_n": 528.8822541840785,
    "ERK": 1998471.5288147663,
    "pERK": 1044.2482960365737,
    "pERK_n": 3660.2228891833856,
    "VEGFR1": 94.03072446162558,
    "V165a_R1": 14.78549206149746,
    "pV165a_R1": 5.9138379344489715,
    "V165_R1_lyso": 18.722950494118813,
    "V165b": 18152.738891814628,
    "V165b_R1": 16.256740308560698,
    "pV165a_R1_STAT3": 19.67493524481957,
    "p65": 43103.29153923698,
    "p50": 12.226050592630253,
    "NFKB": 510.37414471668353,
    "NFKB_n": 1720.2297232061276,
    "IKB_n": 20.357990739659073,
    "IKB_NFKB_n": 43.781824568010755,
    "IKB_NFKB": 68053.79425289092,
    "IKB": 513.0585113050836,
    "pIKB": 292.17688789237167,
    "p50_n": 165.0957429875203,
    "CREB": 64163.47371915309,
    "pCREB": 15836.526280847263,
    "AP1_n": 2136.20216388151,
    "INT1": 999.5088844871733,
    "aINT1": 0.49111551282849414,
    "EGR2": 9.555872334655405,
    "INT2": 994.7130674334953,
    "aINT2": 5.286932566504678,
    "IL1b": 1212.430311057689,
    "IL1R": 2590.4672119696124,
    "IL1b_R": 4.574647704894721,
    "IRAK4": 364073.79694128205,
    "IL1b_R_lyso": 0.08316423739089653,
    "TRAF6": 2983.265853415898,
    "IRF5": 67398.37243539751,
    "aIRF5": 82683.62756460319,
    "aTRAF6": 16.734146584117745,
    "IL1Ra": 57017.40841938307,
    "IL1Ra_R": 257.4171539799292,
    "pIRAK4": 76.1681617164087,
    "GSK3b": 38216.77433638413,
    "pGSK3b": 101783.2256636162
}